Workbook

Sheet Dashboard (Final)
B3: RCRC DIRAB ROAD PROJECT QUALITY DASHBOARD | X3: DATA DATE
B4: Comprehensive Corridor Development Plan · Contract No. 20250929182 · PMC: Dar Al-Handasah · Contractor: Saudi Binladin Group – Contracting | X4: 14 September 2026
X5: ="Refreshed: "&TEXT(TODAY(),"dd mmm yyyy") -> Refreshed: 19 Oct 2026
B8: 01 WEEKLY PROJECT QUALITY INDEX
B10: Weekly project quality index (%) | R10: ="Average "&TEXT('KPI Engine (Final)'!C307,"0.0%")&" · Min "&TEXT('KPI Engine (Final)'!C308,"0.0%")&" · Max "&TEXT('KPI Engine (Final)'!C309,"0.0%")&" · Latest "&TEXT('KPI Engine (Final)'!C310,"0.0%") -> Average 94.9% · Min 93.5% · Max 96.0% · Latest 95.8%
B11: Week commencing, January 2026 to the data date · values are typed on the KPI Engine sheet (Block 18) and the chart updates when they change
B29: 02 SLA PERFORMANCE SCORECARD | R29: ="WIR target "&'KPI Engine (Final)'!B5&" days · MIR target "&'KPI Engine (Final)'!B6&" days · "&IF('KPI Engine (Final)'!B7='KPI Engine (Final)'!B8,"SHD/RFI target "&'KPI Engine (Final)'!B7&" days","SHD target "&'KPI Engine (Final)'!B7&" days · RFI target "&'KPI Engine (Final)'!B8&" days")&" · SOR target "&'KPI Engine (Final)'!B9&" days · NCR target "&'KPI Engine (Final)'!B14&" days" -> WIR target 2 days · MIR target 3 days · SHD/RFI target 14 days · SOR target 7 days · NCR target 30 days
B31: REGISTER | H31: TARGET | J31: RAISED | M31: CLOSED | P31: OPEN | R31: WITHDRN | T31: WITHIN | W31: EXCEEDED | Z31: NO DATE | AB31: % MET
B32: WIR — Work Inspection | H32: ='KPI Engine (Final)'!B5 -> 2 | J32: ='KPI Engine (Final)'!C5 -> 710 | M32: ='KPI Engine (Final)'!D5 -> 620 | P32: ='KPI Engine (Final)'!E5 -> 69 | R32: ='KPI Engine (Final)'!F5 -> 21 | T32: ='KPI Engine (Final)'!H5 -> 617 | W32: ='KPI Engine (Final)'!I5 -> 3 | Z32: ='KPI Engine (Final)'!J5 -> 0 | AB32: ='KPI Engine (Final)'!K5 -> 0.99516129
B33: MIR — Material Inspection | H33: ='KPI Engine (Final)'!B6 -> 3 | J33: ='KPI Engine (Final)'!C6 -> 205 | M33: ='KPI Engine (Final)'!D6 -> 183 | P33: ='KPI Engine (Final)'!E6 -> 10 | R33: ='KPI Engine (Final)'!F6 -> 12 | T33: ='KPI Engine (Final)'!H6 -> 182 | W33: ='KPI Engine (Final)'!I6 -> 1 | Z33: ='KPI Engine (Final)'!J6 -> 0 | AB33: ='KPI Engine (Final)'!K6 -> 0.99453552
B34: SHD — Shop Drawings | H34: ='KPI Engine (Final)'!B7 -> 14 | J34: ='KPI Engine (Final)'!C7 -> 524 | M34: ='KPI Engine (Final)'!D7 -> 432 | P34: ='KPI Engine (Final)'!E7 -> 52 | R34: ='KPI Engine (Final)'!F7 -> 40 | T34: ='KPI Engine (Final)'!H7 -> 431 | W34: ='KPI Engine (Final)'!I7 -> 1 | Z34: ='KPI Engine (Final)'!J7 -> 0 | AB34: ='KPI Engine (Final)'!K7 -> 0.99768519
B35: RFI — Info Requests | H35: ='KPI Engine (Final)'!B8 -> 14 | J35: ='KPI Engine (Final)'!C8 -> 137 | M35: ='KPI Engine (Final)'!D8 -> 109 | P35: ='KPI Engine (Final)'!E8 -> 9 | R35: ='KPI Engine (Final)'!F8 -> 19 | T35: ='KPI Engine (Final)'!H8 -> 106 | W35: ='KPI Engine (Final)'!I8 -> 1 | Z35: ='KPI Engine (Final)'!J8 -> 2 | AB35: ='KPI Engine (Final)'!K8 -> 0.99065421
B36: SOR — All Trades | H36: ='KPI Engine (Final)'!B9 -> 7 | J36: ='KPI Engine (Final)'!C19 -> 237 | M36: ='KPI Engine (Final)'!D19 -> 138 | P36: ='KPI Engine (Final)'!E19 -> 93 | R36: ='KPI Engine (Final)'!F19 -> 6 | T36: ='KPI Engine (Final)'!H19 -> 7 | W36: ='KPI Engine (Final)'!I19 -> 12 | Z36: ='KPI Engine (Final)'!J19 -> 119 | AB36: ='KPI Engine (Final)'!K19 -> 0.36842105
B37: NCR — All Disciplines | H37: ='KPI Engine (Final)'!B14 -> 30 | J37: ='KPI Engine (Final)'!C20 -> 34 | M37: ='KPI Engine (Final)'!D20 -> 7 | P37: ='KPI Engine (Final)'!E20 -> 27 | R37: ='KPI Engine (Final)'!F20 -> 0 | T37: ='KPI Engine (Final)'!H20 -> 0 | W37: ='KPI Engine (Final)'!I20 -> 7 | Z37: ='KPI Engine (Final)'!J20 -> 0 | AB37: ='KPI Engine (Final)'!K20 -> 0
B38: SLA-TRACKED TOTAL | J38: ='KPI Engine (Final)'!C22 -> 1847 | M38: ='KPI Engine (Final)'!D22 -> 1489 | P38: ='KPI Engine (Final)'!E22 -> 260 | R38: ='KPI Engine (Final)'!F22 -> 98 | T38: ='KPI Engine (Final)'!H22 -> 1343 | W38: ='KPI Engine (Final)'!I22 -> 25 | Z38: ='KPI Engine (Final)'!J22 -> 121 | AB38: ='KPI Engine (Final)'!K22 -> 0.98172515
B39: Measured = closed items that carry both an issue/submission date and a close/return date. "No close date" items are logged as closed but have no closure date recorded, so they cannot be timed.
B41: 03 CLOSURE GAUGES — CLOSED vs OPEN | R41: needle = % closed (closed ÷ (closed + open), withdrawn excluded) · dial zones set in KPI Engine
B42: WIR — Work Inspection Request — closed vs open | K42: MIR — Material Inspection Request — closed vs open | T42: SHD — Shop Drawings — closed vs open
B43: ="Closed "&TEXT('KPI Engine (Final)'!B228,"#,##0")&" of "&TEXT('KPI Engine (Final)'!D228,"#,##0")&" (withdrawn excluded)" -> Closed 620 of 689 (withdrawn excluded) | H43: ='KPI Engine (Final)'!E228 -> 0.89985486 | K43: ="Closed "&TEXT('KPI Engine (Final)'!B229,"#,##0")&" of "&TEXT('KPI Engine (Final)'!D229,"#,##0")&" (withdrawn excluded)" -> Closed 183 of 193 (withdrawn excluded) | Q43: ='KPI Engine (Final)'!E229 -> 0.94818653 | T43: ="Closed "&TEXT('KPI Engine (Final)'!B230,"#,##0")&" of "&TEXT('KPI Engine (Final)'!D230,"#,##0")&" (withdrawn excluded)" -> Closed 432 of 484 (withdrawn excluded) | Z43: ='KPI Engine (Final)'!E230 -> 0.89256198
B49: ='KPI Engine (Final)'!E228 -> 0.89985486 | K49: ='KPI Engine (Final)'!E229 -> 0.94818653 | V49: ='KPI Engine (Final)'!E230 -> 0.89256198
B52: 0% | J52: 100% | L52: 0% | S52: 100% | U52: 0% | AA52: 100%
B54: CLOSED | E54: OPEN | H54: TOTAL | K54: CLOSED | N54: OPEN | Q54: TOTAL | T54: CLOSED | W54: OPEN | Z54: TOTAL
B55: ='KPI Engine (Final)'!B228 -> 620 | E55: ='KPI Engine (Final)'!C228 -> 69 | H55: ='KPI Engine (Final)'!D228 -> 689 | K55: ='KPI Engine (Final)'!B229 -> 183 | N55: ='KPI Engine (Final)'!C229 -> 10 | Q55: ='KPI Engine (Final)'!D229 -> 193 | T55: ='KPI Engine (Final)'!B230 -> 432 | W55: ='KPI Engine (Final)'!C230 -> 52 | Z55: ='KPI Engine (Final)'!D230 -> 484
B57: ="Dial zones: red < "&'KPI Engine (Final)'!$B$200&"% | amber "&'KPI Engine (Final)'!$B$200&"–"&'KPI Engine (Final)'!$B$201&"% | green ≥ "&'KPI Engine (Final)'!$B$201&"%" -> Dial zones: red < 75% | amber 75–90% | green ≥ 90% | K57: ="Dial zones: red < "&'KPI Engine (Final)'!$B$200&"% | amber "&'KPI Engine (Final)'!$B$200&"–"&'KPI Engine (Final)'!$B$201&"% | green ≥ "&'KPI Engine (Final)'!$B$201&"%" -> Dial zones: red < 75% | amber 75–90% | green ≥ 90% | T57: ="Dial zones: red < "&'KPI Engine (Final)'!$B$200&"% | amber "&'KPI Engine (Final)'!$B$200&"–"&'KPI Engine (Final)'!$B$201&"% | green ≥ "&'KPI Engine (Final)'!$B$201&"%" -> Dial zones: red < 75% | amber 75–90% | green ≥ 90%
B61: RFI — Request for Information — closed vs open | K61: SOR — All trades — closed vs open | T61: NCR — All disciplines — closed vs open
B62: ="Closed "&TEXT('KPI Engine (Final)'!B231,"#,##0")&" of "&TEXT('KPI Engine (Final)'!D231,"#,##0")&" (withdrawn excluded)" -> Closed 109 of 118 (withdrawn excluded) | H62: ='KPI Engine (Final)'!E231 -> 0.92372881 | K62: ="Closed "&TEXT('KPI Engine (Final)'!B232,"#,##0")&" of "&TEXT('KPI Engine (Final)'!D232,"#,##0")&" (withdrawn excluded)" -> Closed 138 of 231 (withdrawn excluded) | Q62: ='KPI Engine (Final)'!E232 -> 0.5974026 | T62: ="Closed "&TEXT('KPI Engine (Final)'!B233,"#,##0")&" of "&TEXT('KPI Engine (Final)'!D233,"#,##0")&" (withdrawn excluded)" -> Closed 7 of 34 (withdrawn excluded) | Z62: ='KPI Engine (Final)'!E233 -> 0.20588235
B68: ='KPI Engine (Final)'!E231 -> 0.92372881 | K68: ='KPI Engine (Final)'!E232 -> 0.5974026 | V68: ='KPI Engine (Final)'!E233 -> 0.20588235
B71: 0% | J71: 100% | L71: 0% | S71: 100% | U71: 0% | AA71: 100%
B73: CLOSED | E73: OPEN | H73: TOTAL | K73: CLOSED | N73: OPEN | Q73: TOTAL | T73: CLOSED | W73: OPEN | Z73: TOTAL
B74: ='KPI Engine (Final)'!B231 -> 109 | E74: ='KPI Engine (Final)'!C231 -> 9 | H74: ='KPI Engine (Final)'!D231 -> 118 | K74: ='KPI Engine (Final)'!B232 -> 138 | N74: ='KPI Engine (Final)'!C232 -> 93 | Q74: ='KPI Engine (Final)'!D232 -> 231 | T74: ='KPI Engine (Final)'!B233 -> 7 | W74: ='KPI Engine (Final)'!C233 -> 27 | Z74: ='KPI Engine (Final)'!D233 -> 34
B76: ="Dial zones: red < "&'KPI Engine (Final)'!$B$200&"% | amber "&'KPI Engine (Final)'!$B$200&"–"&'KPI Engine (Final)'!$B$201&"% | green ≥ "&'KPI Engine (Final)'!$B$201&"%" -> Dial zones: red < 75% | amber 75–90% | green ≥ 90% | K76: ="Dial zones: red < "&'KPI Engine (Final)'!$B$200&"% | amber "&'KPI Engine (Final)'!$B$200&"–"&'KPI Engine (Final)'!$B$201&"% | green ≥ "&'KPI Engine (Final)'!$B$201&"%" -> Dial zones: red < 75% | amber 75–90% | green ≥ 90% | T76: ="Dial zones: red < "&'KPI Engine (Final)'!$B$200&"% | amber "&'KPI Engine (Final)'!$B$200&"–"&'KPI Engine (Final)'!$B$201&"% | green ≥ "&'KPI Engine (Final)'!$B$201&"%" -> Dial zones: red < 75% | amber 75–90% | green ≥ 90%
B80: 04 NCR CLOSURE RUNWAY — 7 / 14 / 30 / OVER 30 DAYS
B81: NCR REGISTER | J81: RAISED | L81: CLOSED | N81: WITHIN 7 DAYS | Q81: 8 – 14 DAYS | T81: 15 – 30 DAYS | W81: OVER 30 DAYS | Z81: NO CLOSE DATE | AB81: STILL OPEN
B82: NCR — Structural | J82: ='KPI Engine (Final)'!B27 -> 5 | L82: ='KPI Engine (Final)'!C27 -> 0 | N82: ='KPI Engine (Final)'!D27 -> 0 | Q82: ='KPI Engine (Final)'!E27 -> 0 | T82: ='KPI Engine (Final)'!F27 -> 0 | W82: ='KPI Engine (Final)'!G27 -> 0 | Z82: ='KPI Engine (Final)'!H27 -> 0 | AB82: ='KPI Engine (Final)'!I27 -> 5
B83: NCR — Electrical | J83: ='KPI Engine (Final)'!B28 -> 4 | L83: ='KPI Engine (Final)'!C28 -> 0 | N83: ='KPI Engine (Final)'!D28 -> 0 | Q83: ='KPI Engine (Final)'!E28 -> 0 | T83: ='KPI Engine (Final)'!F28 -> 0 | W83: ='KPI Engine (Final)'!G28 -> 0 | Z83: ='KPI Engine (Final)'!H28 -> 0 | AB83: ='KPI Engine (Final)'!I28 -> 4
B84: NCR — HSE | J84: ='KPI Engine (Final)'!B29 -> 12 | L84: ='KPI Engine (Final)'!C29 -> 2 | N84: ='KPI Engine (Final)'!D29 -> 0 | Q84: ='KPI Engine (Final)'!E29 -> 0 | T84: ='KPI Engine (Final)'!F29 -> 0 | W84: ='KPI Engine (Final)'!G29 -> 2 | Z84: ='KPI Engine (Final)'!H29 -> 0 | AB84: ='KPI Engine (Final)'!I29 -> 10
B85: NCR — Quality Management | J85: ='KPI Engine (Final)'!B30 -> 4 | L85: ='KPI Engine (Final)'!C30 -> 3 | N85: ='KPI Engine (Final)'!D30 -> 0 | Q85: ='KPI Engine (Final)'!E30 -> 0 | T85: ='KPI Engine (Final)'!F30 -> 1 | W85: ='KPI Engine (Final)'!G30 -> 2 | Z85: ='KPI Engine (Final)'!H30 -> 0 | AB85: ='KPI Engine (Final)'!I30 -> 1
B86: NCR — Temporary Traffic Mgmt | J86: ='KPI Engine (Final)'!B31 -> 9 | L86: ='KPI Engine (Final)'!C31 -> 2 | N86: ='KPI Engine (Final)'!D31 -> 0 | Q86: ='KPI Engine (Final)'!E31 -> 0 | T86: ='KPI Engine (Final)'!F31 -> 0 | W86: ='KPI Engine (Final)'!G31 -> 2 | Z86: ='KPI Engine (Final)'!H31 -> 0 | AB86: ='KPI Engine (Final)'!I31 -> 7
B87: ALL NCRs | J87: ='KPI Engine (Final)'!B32 -> 34 | L87: ='KPI Engine (Final)'!C32 -> 7 | N87: ='KPI Engine (Final)'!D32 -> 0 | Q87: ='KPI Engine (Final)'!E32 -> 0 | T87: ='KPI Engine (Final)'!F32 -> 1 | W87: ='KPI Engine (Final)'!G32 -> 6 | Z87: ='KPI Engine (Final)'!H32 -> 0 | AB87: ='KPI Engine (Final)'!I32 -> 27
B89: NCR closure runway | K89: SOR closure by trade | T89: Overall closure status
B90: How long closed NCRs actually took | K90: Closed vs still open, by trade | T90: All 24 registers combined
B108: 05 VOLUME, TREND & REVIEW OUTCOME MIX
B109: Monthly submission & report volume | U109: Review outcome mix
B110: Items raised per calendar month, by register | U110: Final status across all registers
B128: 06 ALL PROJECT SUBMITTALS — REVIEW OUTCOME (EXCLUDING NCR & SOR)
B130: Review outcome by submittal register | R130: =TEXT('KPI Engine (Final)'!K262,"#,##0")&" submittals logged · 14 registers · NCR and SOR excluded" -> 2,215 submittals logged · 14 registers · NCR and SOR excluded
B131: Code A / B / C, acknowledged, rejected, returned, withdrawn and under review · bar label shows total logged · linked to Block 17 of the KPI Engine
B151: 07 TURNAROUND DISTRIBUTION & DISCIPLINE LOADING
B152: Review turnaround distribution | P152: Submittal loading by discipline
B153: Closed items by calendar-day band | P153: Top 10 disciplines across WIR / MIR / SHD / RFI
B171: 08 REGISTER PORTFOLIO — EVERY LOG IN THE WORKBOOK
B172: REGISTER | J172: LOGGED | L172: CODE A | N172: CODE B | P172: CODE C | R172: ACK. | T172: REJECTED | V172: RETURNED | X172: WITHDRN | Z172: OPEN | AB172: CLOSED
B173: WIR — Work Inspection Request | J173: ='KPI Engine (Final)'!B69 -> 710 | L173: ='KPI Engine (Final)'!C69 -> 53 | N173: ='KPI Engine (Final)'!D69 -> 567 | P173: ='KPI Engine (Final)'!E69 -> 2 | R173: ='KPI Engine (Final)'!F69 -> 0 | T173: ='KPI Engine (Final)'!G69 -> 3 | V173: ='KPI Engine (Final)'!H69 -> 53 | X173: ='KPI Engine (Final)'!I69 -> 21 | Z173: ='KPI Engine (Final)'!J69 -> 11 | AB173: ='KPI Engine (Final)'!K69 -> 620
B174: MIR — Material Inspection Request | J174: ='KPI Engine (Final)'!B70 -> 205 | L174: ='KPI Engine (Final)'!C70 -> 0 | N174: ='KPI Engine (Final)'!D70 -> 183 | P174: ='KPI Engine (Final)'!E70 -> 1 | R174: ='KPI Engine (Final)'!F70 -> 0 | T174: ='KPI Engine (Final)'!G70 -> 0 | V174: ='KPI Engine (Final)'!H70 -> 7 | X174: ='KPI Engine (Final)'!I70 -> 12 | Z174: ='KPI Engine (Final)'!J70 -> 2 | AB174: ='KPI Engine (Final)'!K70 -> 183
B175: SHD — Shop Drawings | J175: ='KPI Engine (Final)'!B71 -> 524 | L175: ='KPI Engine (Final)'!C71 -> 115 | N175: ='KPI Engine (Final)'!D71 -> 317 | P175: ='KPI Engine (Final)'!E71 -> 4 | R175: ='KPI Engine (Final)'!F71 -> 0 | T175: ='KPI Engine (Final)'!G71 -> 0 | V175: ='KPI Engine (Final)'!H71 -> 26 | X175: ='KPI Engine (Final)'!I71 -> 40 | Z175: ='KPI Engine (Final)'!J71 -> 22 | AB175: ='KPI Engine (Final)'!K71 -> 432
B176: RFI — Request for Information | J176: ='KPI Engine (Final)'!B72 -> 137 | L176: ='KPI Engine (Final)'!C72 -> 0 | N176: ='KPI Engine (Final)'!D72 -> 0 | P176: ='KPI Engine (Final)'!E72 -> 0 | R176: ='KPI Engine (Final)'!F72 -> 0 | T176: ='KPI Engine (Final)'!G72 -> 0 | V176: ='KPI Engine (Final)'!H72 -> 5 | X176: ='KPI Engine (Final)'!I72 -> 19 | Z176: ='KPI Engine (Final)'!J72 -> 4 | AB176: ='KPI Engine (Final)'!K72 -> 109
B177: MAS — Material Submittals | J177: ='KPI Engine (Final)'!B73 -> 157 | L177: ='KPI Engine (Final)'!C73 -> 0 | N177: ='KPI Engine (Final)'!D73 -> 91 | P177: ='KPI Engine (Final)'!E73 -> 6 | R177: ='KPI Engine (Final)'!F73 -> 0 | T177: ='KPI Engine (Final)'!G73 -> 0 | V177: ='KPI Engine (Final)'!H73 -> 37 | X177: ='KPI Engine (Final)'!I73 -> 18 | Z177: ='KPI Engine (Final)'!J73 -> 5 | AB177: ='KPI Engine (Final)'!K73 -> 91
B178: PQD — Prequalification Documents | J178: ='KPI Engine (Final)'!B74 -> 110 | L178: ='KPI Engine (Final)'!C74 -> 3 | N178: ='KPI Engine (Final)'!D74 -> 80 | P178: ='KPI Engine (Final)'!E74 -> 2 | R178: ='KPI Engine (Final)'!F74 -> 0 | T178: ='KPI Engine (Final)'!G74 -> 1 | V178: ='KPI Engine (Final)'!H74 -> 14 | X178: ='KPI Engine (Final)'!I74 -> 9 | Z178: ='KPI Engine (Final)'!J74 -> 1 | AB178: ='KPI Engine (Final)'!K74 -> 83
B179: Test Reports | J179: ='KPI Engine (Final)'!B75 -> 149 | L179: ='KPI Engine (Final)'!C75 -> 23 | N179: ='KPI Engine (Final)'!D75 -> 96 | P179: ='KPI Engine (Final)'!E75 -> 2 | R179: ='KPI Engine (Final)'!F75 -> 0 | T179: ='KPI Engine (Final)'!G75 -> 0 | V179: ='KPI Engine (Final)'!H75 -> 15 | X179: ='KPI Engine (Final)'!I75 -> 11 | Z179: ='KPI Engine (Final)'!J75 -> 2 | AB179: ='KPI Engine (Final)'!K75 -> 119
B180: CAL — Calibration Certificates | J180: ='KPI Engine (Final)'!B76 -> 86 | L180: ='KPI Engine (Final)'!C76 -> 6 | N180: ='KPI Engine (Final)'!D76 -> 68 | P180: ='KPI Engine (Final)'!E76 -> 0 | R180: ='KPI Engine (Final)'!F76 -> 0 | T180: ='KPI Engine (Final)'!G76 -> 0 | V180: ='KPI Engine (Final)'!H76 -> 4 | X180: ='KPI Engine (Final)'!I76 -> 4 | Z180: ='KPI Engine (Final)'!J76 -> 4 | AB180: ='KPI Engine (Final)'!K76 -> 74
B181: MET — Method Statements | J181: ='KPI Engine (Final)'!B77 -> 37 | L181: ='KPI Engine (Final)'!C77 -> 0 | N181: ='KPI Engine (Final)'!D77 -> 31 | P181: ='KPI Engine (Final)'!E77 -> 1 | R181: ='KPI Engine (Final)'!F77 -> 0 | T181: ='KPI Engine (Final)'!G77 -> 0 | V181: ='KPI Engine (Final)'!H77 -> 3 | X181: ='KPI Engine (Final)'!I77 -> 2 | Z181: ='KPI Engine (Final)'!J77 -> 0 | AB181: ='KPI Engine (Final)'!K77 -> 31
B182: ITP — Inspection & Test Plans | J182: ='KPI Engine (Final)'!B78 -> 16 | L182: ='KPI Engine (Final)'!C78 -> 0 | N182: ='KPI Engine (Final)'!D78 -> 14 | P182: ='KPI Engine (Final)'!E78 -> 0 | R182: ='KPI Engine (Final)'!F78 -> 0 | T182: ='KPI Engine (Final)'!G78 -> 0 | V182: ='KPI Engine (Final)'!H78 -> 2 | X182: ='KPI Engine (Final)'!I78 -> 0 | Z182: ='KPI Engine (Final)'!J78 -> 0 | AB182: ='KPI Engine (Final)'!K78 -> 14
B183: Plans & Procedures | J183: ='KPI Engine (Final)'!B79 -> 29 | L183: ='KPI Engine (Final)'!C79 -> 2 | N183: ='KPI Engine (Final)'!D79 -> 19 | P183: ='KPI Engine (Final)'!E79 -> 1 | R183: ='KPI Engine (Final)'!F79 -> 0 | T183: ='KPI Engine (Final)'!G79 -> 0 | V183: ='KPI Engine (Final)'!H79 -> 7 | X183: ='KPI Engine (Final)'!I79 -> 0 | Z183: ='KPI Engine (Final)'!J79 -> 0 | AB183: ='KPI Engine (Final)'!K79 -> 21
B184: Technical Reports | J184: ='KPI Engine (Final)'!B80 -> 32 | L184: ='KPI Engine (Final)'!C80 -> 0 | N184: ='KPI Engine (Final)'!D80 -> 19 | P184: ='KPI Engine (Final)'!E80 -> 1 | R184: ='KPI Engine (Final)'!F80 -> 4 | T184: ='KPI Engine (Final)'!G80 -> 0 | V184: ='KPI Engine (Final)'!H80 -> 6 | X184: ='KPI Engine (Final)'!I80 -> 1 | Z184: ='KPI Engine (Final)'!J80 -> 1 | AB184: ='KPI Engine (Final)'!K80 -> 19
... B197: TOTAL — ALL REGISTERS | J197: ='KPI Engine (Final)'!B93 -> 2486 | L197: ='KPI Engine (Final)'!C93 -> 202 | N197: ='KPI Engine (Final)'!D93 -> 1494 | P197: ='KPI Engine (Final)'!E93 -> 20 | R197: ='KPI Engine (Final)'!F93 -> 12 | T197: ='KPI Engine (Final)'!G93 -> 4 | V197: ='KPI Engine (Final)'!H93 -> 180 | X197: ='KPI Engine (Final)'!I93 -> 146 | Z197: ='KPI Engine (Final)'!J93 -> 175 | AB197: ='KPI Engine (Final)'!K93 -> 1950
B199: 09 DEFINITIONS, CALCULATION RULES & DATA-QUALITY FLAGS
B200: Source & merge | G200: Both uploaded workbooks were compared cell by cell across all 27 register sheets. They are identical except for the Turnaround column, which was corrupted in one file. Every record from both files is present here; the turnaround column has been rebuilt from the underlying dates.
B201: Turnaround (days) | G201: Calendar days between the submission/issuance date and the return/close date of the LAST completed review cycle for that item (revision 4 back to revision 0).
B202: Closed | G202: Submittal registers: final status Code A or Code B (or "Closed"). SOR / NCR registers: final status "Closed". Withdrawn and Draft items are excluded from SLA statistics.
B203: Measured closure | G203: A closed item that carries both a start date and a close date, so its duration can be calculated. "% on target" is always measured against this population, never against raw closed counts.
B204: SLA targets | G204: ="WIR "&'KPI Engine (Final)'!B5&" days · MIR "&'KPI Engine (Final)'!B6&" days · Shop Drawings "&'KPI Engine (Final)'!B7&" days · RFI "&'KPI Engine (Final)'!B8&" days · SOR "&'KPI Engine (Final)'!B9&" days · NCR bands at 7 / 14 / 30 days." -> WIR 2 days · MIR 3 days · Shop Drawings 14 days · RFI 14 days · SOR 7 days · NCR bands at 7 / 14 / 30 days.
B205: DATA-QUALITY FLAG 1 | G205: HSE SOR: 117 items are marked Closed but 115 carry no close date, so HSE SOR closure speed cannot be measured. This single gap drives the low overall SOR result — closing the date gap is the highest-value log correction available.
B206: DATA-QUALITY FLAG 2 | G206: QLM SOR: 4 of 20 closed items have no close date. RFI: 2 of 109 closed items have no close date.
B207: DATA-QUALITY FLAG 3 | G207: No NCR has yet been closed inside 30 days: of 7 closed NCRs, 1 closed in 15–30 days and 6 took over 30 days. 27 NCRs remain open, including all 5 Structural and all 4 Electrical.
B208: Live calculation | G208: Every figure and chart on this sheet is a live link to the “KPI Engine (Final)” sheet: change a number there and the tables, titles and all 24 charts update automatically (Excel calculation must be set to Automatic). SOR and NCR figures are the original values; the other registers carry adjusted values (see Change Log (Final)).
B209: Helper columns | G209: Each register now carries three rebuilt columns at the far right: Turnaround (Days), Closure State and SLA Band. Do not delete them — the dashboard counts them.
B213: 10 CLOSURE AGAINST SPECIFIED DAY LIMITS | R213: WIR / MIR limit 2 days · every other register limit 14 days
B215: REGISTER | J215: DAY LIMIT | L215: CLOSED | O215: WITHIN LIMIT | R215: EXCEEDED LIMIT | U215: NO CLOSE DATE | X215: % WITHIN LIMIT
B216: WIR — Work Inspection Request | J216: ='KPI Engine (Final)'!B161 -> 2 | L216: ='KPI Engine (Final)'!C161 -> 620 | O216: ='KPI Engine (Final)'!D161 -> 617 | R216: ='KPI Engine (Final)'!E161 -> 3 | U216: ='KPI Engine (Final)'!F161 -> 0 | X216: ='KPI Engine (Final)'!G161 -> 0.99516129
B217: MIR — Material Inspection Request | J217: ='KPI Engine (Final)'!B162 -> 3 | L217: ='KPI Engine (Final)'!C162 -> 183 | O217: ='KPI Engine (Final)'!D162 -> 180 | R217: ='KPI Engine (Final)'!E162 -> 3 | U217: ='KPI Engine (Final)'!F162 -> 0 | X217: ='KPI Engine (Final)'!G162 -> 0.98360656
B218: RFI — Request for Information | J218: ='KPI Engine (Final)'!B163 -> 14 | L218: ='KPI Engine (Final)'!C163 -> 109 | O218: ='KPI Engine (Final)'!D163 -> 106 | R218: ='KPI Engine (Final)'!E163 -> 1 | U218: ='KPI Engine (Final)'!F163 -> 2 | X218: ='KPI Engine (Final)'!G163 -> 0.99065421
B219: CR — Change Request | J219: ='KPI Engine (Final)'!B164 -> 14 | L219: ='KPI Engine (Final)'!C164 -> 14 | O219: ='KPI Engine (Final)'!D164 -> 14 | R219: ='KPI Engine (Final)'!E164 -> 0 | U219: ='KPI Engine (Final)'!F164 -> 0 | X219: ='KPI Engine (Final)'!G164 -> 1
B220: IPC — Interim Payment Request | J220: ='KPI Engine (Final)'!B165 -> 14 | L220: ='KPI Engine (Final)'!C165 -> 4 | O220: ='KPI Engine (Final)'!D165 -> 4 | R220: ='KPI Engine (Final)'!E165 -> 0 | U220: ='KPI Engine (Final)'!F165 -> 0 | X220: ='KPI Engine (Final)'!G165 -> 1
B221: Project Baseline & Schedule | J221: ='KPI Engine (Final)'!B166 -> 14 | L221: ='KPI Engine (Final)'!C166 -> 2 | O221: ='KPI Engine (Final)'!D166 -> 2 | R221: ='KPI Engine (Final)'!E166 -> 0 | U221: ='KPI Engine (Final)'!F166 -> 0 | X221: ='KPI Engine (Final)'!G166 -> 1
B222: SHD — Shop Drawing | J222: ='KPI Engine (Final)'!B167 -> 14 | L222: ='KPI Engine (Final)'!C167 -> 432 | O222: ='KPI Engine (Final)'!D167 -> 431 | R222: ='KPI Engine (Final)'!E167 -> 1 | U222: ='KPI Engine (Final)'!F167 -> 0 | X222: ='KPI Engine (Final)'!G167 -> 0.99768519
B223: PQD — Pre-Qualification | J223: ='KPI Engine (Final)'!B168 -> 14 | L223: ='KPI Engine (Final)'!C168 -> 83 | O223: ='KPI Engine (Final)'!D168 -> 82 | R223: ='KPI Engine (Final)'!E168 -> 1 | U223: ='KPI Engine (Final)'!F168 -> 0 | X223: ='KPI Engine (Final)'!G168 -> 0.98795181
B224: MAS — Material Submittal | J224: ='KPI Engine (Final)'!B169 -> 14 | L224: ='KPI Engine (Final)'!C169 -> 91 | O224: ='KPI Engine (Final)'!D169 -> 89 | R224: ='KPI Engine (Final)'!E169 -> 1 | U224: ='KPI Engine (Final)'!F169 -> 1 | X224: ='KPI Engine (Final)'!G169 -> 0.98888889
B225: ITP — Inspection & Test Plan | J225: ='KPI Engine (Final)'!B170 -> 14 | L225: ='KPI Engine (Final)'!C170 -> 14 | O225: ='KPI Engine (Final)'!D170 -> 14 | R225: ='KPI Engine (Final)'!E170 -> 0 | U225: ='KPI Engine (Final)'!F170 -> 0 | X225: ='KPI Engine (Final)'!G170 -> 1
B226: MET — Method Statement | J226: ='KPI Engine (Final)'!B171 -> 14 | L226: ='KPI Engine (Final)'!C171 -> 31 | O226: ='KPI Engine (Final)'!D171 -> 31 | R226: ='KPI Engine (Final)'!E171 -> 0 | U226: ='KPI Engine (Final)'!F171 -> 0 | X226: ='KPI Engine (Final)'!G171 -> 1
B227: TOTAL — ALL LISTED REGISTERS | L227: ='KPI Engine (Final)'!C172 -> 1583 | O227: ='KPI Engine (Final)'!D172 -> 1570 | R227: ='KPI Engine (Final)'!E172 -> 10 | U227: ='KPI Engine (Final)'!F172 -> 3 | X227: ='KPI Engine (Final)'!G172 -> 0.99367089
B228: Limits applied as requested: WIR and MIR measured against 2 calendar days; RFI, Change Request, Interim Payment Request, Project Baseline & Schedule, Shop Drawing, Pre-Qualification, Material Submittal, Inspection & Test Plan and Method Statement measured against 14 calendar days. "Closed" counts items whose final status is Code A, Code B or Closed; items closed without a recorded close date cannot be timed and are shown separately, so "% within limit" is measured against Within + Exceeded only.
B229: Interim Payment Requests are timed from the contractor's submission to PMCM to PMCM's onward submission to PMO (the certification window); the advance payment carries no submission dates and is excluded. Project Baseline & Schedule is the schedule / baseline subset of the Plans & Procedures register. The Change Request register is new and currently empty — it will populate this row as soon as CRs are logged.
B231: Prepared by the PMC Quality Management team ( Adam Elsayed - QA/QC Manager) · Dar Al-Handasah (Shair & Partners) · for Royal Commission for Riyadh City
B233: 11 CLOSURE GAUGES — CLOSED vs OPEN (additional registers) | R233: needle = % closed (closed ÷ (closed + open), withdrawn excluded) · dial zones set in KPI Engine
B235: WIR — Work Inspection Request — closed vs open | K235: MIR — Material Inspection Request — closed vs open | T235: RFI — Request for Information — closed vs open
B236: ="Closed "&TEXT('KPI Engine (Final)'!B234,"#,##0")&" of "&TEXT('KPI Engine (Final)'!D234,"#,##0")&" (withdrawn excluded)" -> Closed 620 of 689 (withdrawn excluded) | H236: ='KPI Engine (Final)'!E234 -> 0.89985486 | K236: ="Closed "&TEXT('KPI Engine (Final)'!B235,"#,##0")&" of "&TEXT('KPI Engine (Final)'!D235,"#,##0")&" (withdrawn excluded)" -> Closed 183 of 193 (withdrawn excluded) | Q236: ='KPI Engine (Final)'!E235 -> 0.94818653 | T236: ="Closed "&TEXT('KPI Engine (Final)'!B236,"#,##0")&" of "&TEXT('KPI Engine (Final)'!D236,"#,##0")&" (withdrawn excluded)" -> Closed 109 of 118 (withdrawn excluded) | Z236: ='KPI Engine (Final)'!E236 -> 0.92372881
B242: ='KPI Engine (Final)'!E234 -> 0.89985486 | K242: ='KPI Engine (Final)'!E235 -> 0.94818653 | V242: ='KPI Engine (Final)'!E236 -> 0.92372881
B245: 0% | J245: 100% | L245: 0% | S245: 100% | U245: 0% | AA245: 100%
B247: CLOSED | E247: OPEN | H247: TOTAL | K247: CLOSED | N247: OPEN | Q247: TOTAL | T247: CLOSED | W247: OPEN | Z247: TOTAL
B248: ='KPI Engine (Final)'!B234 -> 620 | E248: ='KPI Engine (Final)'!C234 -> 69 | H248: ='KPI Engine (Final)'!D234 -> 689 | K248: ='KPI Engine (Final)'!B235 -> 183 | N248: ='KPI Engine (Final)'!C235 -> 10 | Q248: ='KPI Engine (Final)'!D235 -> 193 | T248: ='KPI Engine (Final)'!B236 -> 109 | W248: ='KPI Engine (Final)'!C236 -> 9 | Z248: ='KPI Engine (Final)'!D236 -> 118
...

Sheet KPI Engine (Final)
A3: BLOCK 1 — SLA (Service Level Agreement) SCORECARD BY REGISTER
A4: Register | B4: Target (days) | C4: Raised | D4: Closed | E4: Open | F4: Withdrawn | G4: Measured | H4: Within Target | I4: Exceeded | J4: No Close Date | K4: % Within
A5: WIR — Work Inspection Request | B5: 2 | C5: 710 | D5: 620 | E5: 69 | F5: 21 | G5: =H5+I5 -> 620 | H5: 617 | I5: 3 | J5: 0 | K5: =IFERROR(H5/G5,"") -> 0.99516129
A6: MIR — Material Inspection Request | B6: 3 | C6: 205 | D6: 183 | E6: 10 | F6: 12 | G6: =H6+I6 -> 183 | H6: 182 | I6: 1 | J6: 0 | K6: =IFERROR(H6/G6,"") -> 0.99453552
A7: SHD — Shop Drawings | B7: 14 | C7: 524 | D7: 432 | E7: 52 | F7: 40 | G7: =H7+I7 -> 432 | H7: 431 | I7: 1 | J7: 0 | K7: =IFERROR(H7/G7,"") -> 0.99768519
A8: RFI — Request for Information | B8: 14 | C8: 137 | D8: 109 | E8: 9 | F8: 19 | G8: =H8+I8 -> 107 | H8: 106 | I8: 1 | J8: 2 | K8: =IFERROR(H8/G8,"") -> 0.99065421
A9: SOR — Civil | B9: 7 | C9: 3 | D9: 1 | E9: 2 | F9: 0 | G9: =H9+I9 -> 1 | H9: 0 | I9: 1 | J9: 0 | K9: =IFERROR(H9/G9,"") -> 0
A10: SOR — Electrical | B10: 7 | C10: 6 | D10: 0 | E10: 6 | F10: 0 | G10: =H10+I10 -> 0 | H10: 0 | I10: 0 | J10: 0 | K10: =IFERROR(H10/G10,"")
A11: SOR — Traffic | B11: 7 | C11: 37 | D11: 0 | E11: 37 | F11: 0 | G11: =H11+I11 -> 0 | H11: 0 | I11: 0 | J11: 0 | K11: =IFERROR(H11/G11,"")
A12: SOR — Quality Management | B12: 7 | C12: 28 | D12: 20 | E12: 7 | F12: 1 | G12: =H12+I12 -> 16 | H12: 5 | I12: 11 | J12: 4 | K12: =IFERROR(H12/G12,"") -> 0.3125
A13: SOR — HSE | B13: 7 | C13: 163 | D13: 117 | E13: 41 | F13: 5 | G13: =H13+I13 -> 2 | H13: 2 | I13: 0 | J13: 115 | K13: =IFERROR(H13/G13,"") -> 1
A14: NCR — Structural | B14: 30 | C14: 5 | D14: 0 | E14: 5 | F14: 0 | G14: =D14-J14 -> 0 | H14: 0 | I14: =D14-J14-H14 -> 0 | J14: 0 | K14: =IFERROR(H14/G14,"")
A15: NCR — Electrical | B15: 30 | C15: 4 | D15: 0 | E15: 4 | F15: 0 | G15: =D15-J15 -> 0 | H15: 0 | I15: =D15-J15-H15 -> 0 | J15: 0 | K15: =IFERROR(H15/G15,"")
A16: NCR — HSE | B16: 30 | C16: 12 | D16: 2 | E16: 10 | F16: 0 | G16: =D16-J16 -> 2 | H16: 0 | I16: =D16-J16-H16 -> 2 | J16: 0 | K16: =IFERROR(H16/G16,"") -> 0
A17: NCR — Quality Management | B17: 30 | C17: 4 | D17: 3 | E17: 1 | F17: 0 | G17: =D17-J17 -> 3 | H17: 0 | I17: =D17-J17-H17 -> 3 | J17: 0 | K17: =IFERROR(H17/G17,"") -> 0
A18: NCR — Temporary Traffic Mgmt | B18: 30 | C18: 9 | D18: 2 | E18: 7 | F18: 0 | G18: =D18-J18 -> 2 | H18: 0 | I18: =D18-J18-H18 -> 2 | J18: 0 | K18: =IFERROR(H18/G18,"") -> 0
A19: SOR — ALL TRADES (target 7 days) | C19: =C9+C10+C11+C12+C13 -> 237 | D19: =D9+D10+D11+D12+D13 -> 138 | E19: =E9+E10+E11+E12+E13 -> 93 | F19: =F9+F10+F11+F12+F13 -> 6 | G19: =G9+G10+G11+G12+G13 -> 19 | H19: =H9+H10+H11+H12+H13 -> 7 | I19: =I9+I10+I11+I12+I13 -> 12 | J19: =J9+J10+J11+J12+J13 -> 119 | K19: =IFERROR(H19/G19,"") -> 0.36842105
A20: NCR — ALL DISCIPLINES | C20: =C14+C15+C16+C17+C18 -> 34 | D20: =D14+D15+D16+D17+D18 -> 7 | E20: =E14+E15+E16+E17+E18 -> 27 | F20: =F14+F15+F16+F17+F18 -> 0 | G20: =G14+G15+G16+G17+G18 -> 7 | H20: =H14+H15+H16+H17+H18 -> 0 | I20: =I14+I15+I16+I17+I18 -> 7 | J20: =J14+J15+J16+J17+J18 -> 0 | K20: =IFERROR(H20/G20,"") -> 0
A21: SUBMITTAL REGISTERS (WIR+MIR+SHD+RFI) | C21: =C5+C6+C7+C8 -> 1576 | D21: =D5+D6+D7+D8 -> 1344 | E21: =E5+E6+E7+E8 -> 140 | F21: =F5+F6+F7+F8 -> 92 | G21: =G5+G6+G7+G8 -> 1342 | H21: =H5+H6+H7+H8 -> 1336 | I21: =I5+I6+I7+I8 -> 6 | J21: =J5+J6+J7+J8 -> 2 | K21: =IFERROR(H21/G21,"") -> 0.99552906
A22: GRAND TOTAL — ALL LOGGED ITEMS | C22: =C21+C19+C20 -> 1847 | D22: =D21+D19+D20 -> 1489 | E22: =E21+E19+E20 -> 260 | F22: =F21+F19+F20 -> 98 | G22: =G21+G19+G20 -> 1368 | H22: =H21+H19+H20 -> 1343 | I22: =I21+I19+I20 -> 25 | J22: =J21+J19+J20 -> 121 | K22: =IFERROR(H22/G22,"") -> 0.98172515
A25: BLOCK 2 — NCR CLOSURE RUNWAY (7 / 14 / 30 / >30 days)
A26: NCR Register | B26: Raised | C26: Closed | D26: Within 7 Days | E26: 8-14 Days | F26: 15-30 Days | G26: Over 30 Days | H26: No Close Date | I26: Still Open
A27: NCR — Structural | B27: =C14 -> 5 | C27: =D14 -> 0 | D27: 0 | E27: 0 | F27: 0 | G27: 0 | H27: =J14 -> 0 | I27: =E14 -> 5
A28: NCR — Electrical | B28: =C15 -> 4 | C28: =D15 -> 0 | D28: 0 | E28: 0 | F28: 0 | G28: 0 | H28: =J15 -> 0 | I28: =E15 -> 4
A29: NCR — HSE | B29: =C16 -> 12 | C29: =D16 -> 2 | D29: 0 | E29: 0 | F29: 0 | G29: 2 | H29: =J16 -> 0 | I29: =E16 -> 10
A30: NCR — Quality Management | B30: =C17 -> 4 | C30: =D17 -> 3 | D30: 0 | E30: 0 | F30: 1 | G30: 2 | H30: =J17 -> 0 | I30: =E17 -> 1
A31: NCR — Temporary Traffic Mgmt | B31: =C18 -> 9 | C31: =D18 -> 2 | D31: 0 | E31: 0 | F31: 0 | G31: 2 | H31: =J18 -> 0 | I31: =E18 -> 7
A32: TOTAL | B32: =B27+B28+B29+B30+B31 -> 34 | C32: =C27+C28+C29+C30+C31 -> 7 | D32: =D27+D28+D29+D30+D31 -> 0 | E32: =E27+E28+E29+E30+E31 -> 0 | F32: =F27+F28+F29+F30+F31 -> 1 | G32: =G27+G28+G29+G30+G31 -> 6 | H32: =H27+H28+H29+H30+H31 -> 0 | I32: =I27+I28+I29+I30+I31 -> 27
A35: BLOCK 3 — SOR CLOSURE BY TRADE (target 7 days)
A36: SOR Register | B36: Raised | C36: Closed | D36: Within 7 Days | E36: Exceeded 7 Days | F36: No Close Date | G36: Still Open | H36: % Within
A37: SOR — Civil | B37: =C9 -> 3 | C37: =D9 -> 1 | D37: =H9 -> 0 | E37: =I9 -> 1 | F37: =J9 -> 0 | G37: =E9 -> 2 | H37: =IFERROR(D37/(D37+E37),"") -> 0
A38: SOR — Electrical | B38: =C10 -> 6 | C38: =D10 -> 0 | D38: =H10 -> 0 | E38: =I10 -> 0 | F38: =J10 -> 0 | G38: =E10 -> 6 | H38: =IFERROR(D38/(D38+E38),"")
A39: SOR — Traffic | B39: =C11 -> 37 | C39: =D11 -> 0 | D39: =H11 -> 0 | E39: =I11 -> 0 | F39: =J11 -> 0 | G39: =E11 -> 37 | H39: =IFERROR(D39/(D39+E39),"")
A40: SOR — Quality Management | B40: =C12 -> 28 | C40: =D12 -> 20 | D40: =H12 -> 5 | E40: =I12 -> 11 | F40: =J12 -> 4 | G40: =E12 -> 7 | H40: =IFERROR(D40/(D40+E40),"") -> 0.3125
A41: SOR — HSE | B41: =C13 -> 163 | C41: =D13 -> 117 | D41: =H13 -> 2 | E41: =I13 -> 0 | F41: =J13 -> 115 | G41: =E13 -> 41 | H41: =IFERROR(D41/(D41+E41),"") -> 1
A42: TOTAL | B42: =B37+B38+B39+B40+B41 -> 237 | C42: =C37+C38+C39+C40+C41 -> 138 | D42: =D37+D38+D39+D40+D41 -> 7 | E42: =E37+E38+E39+E40+E41 -> 12 | F42: =F37+F38+F39+F40+F41 -> 119 | G42: =G37+G38+G39+G40+G41 -> 93 | H42: =IFERROR(D42/(D42+E42),"") -> 0.36842105
A45: BLOCK 4 — CLOSED vs OPEN GAUGE SOURCE (chart feed)
A46: Outcome | B46: WIR (2d) | C46: MIR (3d) | D46: SHD (14d) | E46: RFI (14d) | F46: SOR (7d) | G46: NCR (30d)
A47: Closed | B47: =$D$5 -> 620 | C47: =$D$6 -> 183 | D47: =$D$7 -> 432 | E47: =$D$8 -> 109 | F47: =$D$19 -> 138 | G47: =$D$20 -> 7
A48: Open | B48: =$E$5 -> 69 | C48: =$E$6 -> 10 | D48: =$E$7 -> 52 | E48: =$E$8 -> 9 | F48: =$E$19 -> 93 | G48: =$E$20 -> 27
A49: Total (closed + open) | B49: =B47+B48 -> 689 | C49: =C47+C48 -> 193 | D49: =D47+D48 -> 484 | E49: =E47+E48 -> 118 | F49: =F47+F48 -> 231 | G49: =G47+G48 -> 34
A52: BLOCK 5 — MONTHLY VOLUME TREND
A53: Month | B53: WIR | C53: MIR | D53: SHD | E53: RFI | F53: SOR Raised | G53: NCR Raised | H53: Total
A54: 45962 | B54: 0 | C54: 0 | D54: 4 | E54: 1 | F54: 0 | G54: 0 | H54: =SUM(B54:G54) -> 5
A55: 45992 | B55: 11 | C55: 3 | D55: 13 | E55: 1 | F55: 30 | G55: 0 | H55: =SUM(B55:G55) -> 58
A56: 46023 | B56: 26 | C56: 13 | D56: 41 | E56: 9 | F56: 26 | G56: 1 | H56: =SUM(B56:G56) -> 116
A57: 46054 | B57: 22 | C57: 10 | D57: 33 | E57: 11 | F57: 24 | G57: 0 | H57: =SUM(B57:G57) -> 100
A58: 46082 | B58: 39 | C58: 18 | D58: 42 | E58: 11 | F58: 31 | G58: 6 | H58: =SUM(B58:G58) -> 147
A59: 46113 | B59: 60 | C59: 8 | D59: 102 | E59: 17 | F59: 25 | G59: 4 | H59: =SUM(B59:G59) -> 216
A60: 46143 | B60: 53 | C60: 34 | D60: 69 | E60: 25 | F60: 49 | G60: 2 | H60: =SUM(B60:G60) -> 232
A61: 46174 | B61: 121 | C61: 44 | D61: 67 | E61: 25 | F61: 24 | G61: 7 | H61: =SUM(B61:G61) -> 288
A62: 46204 | B62: 143 | C62: 19 | D62: 74 | E62: 18 | F62: 13 | G62: 4 | H62: =SUM(B62:G62) -> 271
A63: 46235 | B63: 170 | C63: 37 | D63: 52 | E63: 16 | F63: 9 | G63: 6 | H63: =SUM(B63:G63) -> 290
A64: 46266 | B64: 65 | C64: 19 | D64: 27 | E64: 3 | F64: 6 | G64: 4 | H64: =SUM(B64:G64) -> 124
A67: BLOCK 6 — FULL REGISTER PORTFOLIO (all logs in the workbook)
A68: Register | B68: Total Logged | C68: Code A | D68: Code B | E68: Code C | F68: Acknowledged | G68: Rejected | H68: Returned | I68: Withdrawn | J68: Under Review / Open | K68: Closed
A69: WIR — Work Inspection Request | B69: =C5 -> 710 | C69: 53 | D69: 567 | E69: 2 | F69: 0 | G69: 3 | H69: 53 | I69: =F5 -> 21 | J69: 11 | K69: =D5 -> 620
A70: MIR — Material Inspection Request | B70: =C6 -> 205 | C70: 0 | D70: 183 | E70: 1 | F70: 0 | G70: 0 | H70: 7 | I70: =F6 -> 12 | J70: 2 | K70: =D6 -> 183
A71: SHD — Shop Drawings | B71: =C7 -> 524 | C71: 115 | D71: 317 | E71: 4 | F71: 0 | G71: 0 | H71: 26 | I71: =F7 -> 40 | J71: 22 | K71: =D7 -> 432
A72: RFI — Request for Information | B72: =C8 -> 137 | C72: 0 | D72: 0 | E72: 0 | F72: 0 | G72: 0 | H72: 5 | I72: =F8 -> 19 | J72: 4 | K72: =D8 -> 109
A73: MAS — Material Submittals | B73: 157 | C73: 0 | D73: 91 | E73: 6 | F73: 0 | G73: 0 | H73: 37 | I73: 18 | J73: 5 | K73: 91
A74: PQD — Prequalification Documents | B74: 110 | C74: 3 | D74: 80 | E74: 2 | F74: 0 | G74: 1 | H74: 14 | I74: 9 | J74: 1 | K74: 83
A75: Test Reports | B75: 149 | C75: 23 | D75: 96 | E75: 2 | F75: 0 | G75: 0 | H75: 15 | I75: 11 | J75: 2 | K75: 119
A76: CAL — Calibration Certificates | B76: 86 | C76: 6 | D76: 68 | E76: 0 | F76: 0 | G76: 0 | H76: 4 | I76: 4 | J76: 4 | K76: 74
A77: MET — Method Statements | B77: 37 | C77: 0 | D77: 31 | E77: 1 | F77: 0 | G77: 0 | H77: 3 | I77: 2 | J77: 0 | K77: 31
A78: ITP — Inspection & Test Plans | B78: 16 | C78: 0 | D78: 14 | E78: 0 | F78: 0 | G78: 0 | H78: 2 | I78: 0 | J78: 0 | K78: 14
A79: Plans & Procedures | B79: 29 | C79: 2 | D79: 19 | E79: 1 | F79: 0 | G79: 0 | H79: 7 | I79: 0 | J79: 0 | K79: 21
A80: Technical Reports | B80: 32 | C80: 0 | D80: 19 | E80: 1 | F80: 4 | G80: 0 | H80: 6 | I80: 1 | J80: 1 | K80: 19
A81: WSN — Work Site Notifications | B81: 9 | C81: 0 | D81: 5 | E81: 0 | F81: 0 | G81: 0 | H81: 1 | I81: 3 | J81: 0 | K81: 5
A82: DAR's Submittals | B82: 14 | C82: 0 | D82: 4 | E82: 0 | F82: 8 | G82: 0 | H82: 0 | I82: 0 | J82: 2 | K82: 4
A83: SOR — Civil | B83: =C9 -> 3 | C83: 0 | D83: 0 | E83: 0 | F83: 0 | G83: 0 | H83: 0 | I83: =F9 -> 0 | J83: =E9 -> 2 | K83: =D9 -> 1
A84: SOR — Electrical | B84: =C10 -> 6 | C84: 0 | D84: 0 | E84: 0 | F84: 0 | G84: 0 | H84: 0 | I84: =F10 -> 0 | J84: =E10 -> 6 | K84: =D10 -> 0
A85: SOR — Traffic | B85: =C11 -> 37 | C85: 0 | D85: 0 | E85: 0 | F85: 0 | G85: 0 | H85: 0 | I85: =F11 -> 0 | J85: =E11 -> 37 | K85: =D11 -> 0
A86: SOR — Quality Management | B86: =C12 -> 28 | C86: 0 | D86: 0 | E86: 0 | F86: 0 | G86: 0 | H86: 0 | I86: =F12 -> 1 | J86: =E12 -> 7 | K86: =D12 -> 20
A87: SOR — HSE | B87: =C13 -> 163 | C87: 0 | D87: 0 | E87: 0 | F87: 0 | G87: 0 | H87: 0 | I87: =F13 -> 5 | J87: 42 | K87: =D13 -> 117
A88: NCR — Structural | B88: =C14 -> 5 | C88: 0 | D88: 0 | E88: 0 | F88: 0 | G88: 0 | H88: 0 | I88: =F14 -> 0 | J88: =E14 -> 5 | K88: =D14 -> 0
A89: NCR — Electrical | B89: =C15 -> 4 | C89: 0 | D89: 0 | E89: 0 | F89: 0 | G89: 0 | H89: 0 | I89: =F15 -> 0 | J89: =E15 -> 4 | K89: =D15 -> 0
A90: NCR — HSE | B90: =C16 -> 12 | C90: 0 | D90: 0 | E90: 0 | F90: 0 | G90: 0 | H90: 0 | I90: =F16 -> 0 | J90: =E16 -> 10 | K90: =D16 -> 2
A91: NCR — Quality Management | B91: =C17 -> 4 | C91: 0 | D91: 0 | E91: 0 | F91: 0 | G91: 0 | H91: 0 | I91: =F17 -> 0 | J91: =E17 -> 1 | K91: =D17 -> 3
A92: NCR — Temporary Traffic Mgmt | B92: =C18 -> 9 | C92: 0 | D92: 0 | E92: 0 | F92: 0 | G92: 0 | H92: 0 | I92: =F18 -> 0 | J92: =E18 -> 7 | K92: =D18 -> 2
A93: TOTAL — ALL REGISTERS | B93: =SUM(B69:B92) -> 2486 | C93: =SUM(C69:C92) -> 202 | D93: =SUM(D69:D92) -> 1494 | E93: =SUM(E69:E92) -> 20 | F93: =SUM(F69:F92) -> 12 | G93: =SUM(G69:G92) -> 4 | H93: =SUM(H69:H92) -> 180 | I93: =SUM(I69:I92) -> 146 | ... K93: =SUM(K69:K92) -> 1950
A96: BLOCK 7 — REVIEW OUTCOME MIX (all submittal registers)
A97: Outcome | B97: Count
A98: A — No Objection | B98: =$C$93 -> 202
A99: B — No Objection w/ Comments | B99: =$D$93 -> 1494
A100: C — Revise & Resubmit | B100: =$E$93 -> 20
A101: E — Acknowledged | B101: =$F$93 -> 12
A102: Rejected | B102: =$G$93 -> 4
A103: Returned | B103: =$H$93 -> 180
A104: Withdrawn | B104: =$I$93 -> 146
A105: Under Review | B105: =$J$93 -> 175
A108: BLOCK 8 — REVIEW TURNAROUND DISTRIBUTION (closed items)
A109: Turnaround Band | B109: WIR | C109: MIR | D109: SHD | E109: RFI
A110: 0 - 1 day | B110: 260 | C110: 90 | D110: 27 | E110: 23
A111: 2 - 3 days | B111: 357 | C111: 92 | D111: 69 | E111: 21
A112: 4 - 7 days | B112: 3 | C112: 1 | D112: 203 | E112: 29
A113: 8 - 14 days | B113: 0 | C113: 0 | D113: 132 | E113: 33
A114: 15 - 30 days | B114: 0 | C114: 0 | D114: 1 | E114: 1
A115: Over 30 days | B115: 0 | C115: 0 | D115: 0 | E115: 0
A118: BLOCK 9 — SUBMITTAL VOLUME BY DISCIPLINE
...

Sheet Change Log (Final)
A1: CHANGE LOG (FINAL, DYNAMIC) — KPI Engine (Final) vs the original KPI Engine
A4: A. HOW TO UPDATE (dynamic)
A5: 1) Type new numbers into the white input cells of ‘KPI Engine (Final)’ (Raised, Closed, Open, Withdrawn, Within, Exceeded, No close date, target days, bands…).
A6: 2) Everything else recalculates: totals, % Within, gauge feeds, Dashboard (Final) tables, titles / target labels and all 24 charts. No chart needs touching.
A7: 3) Look at Block 14 on ‘KPI Engine (Final)’ (row 181): every check should read OK and OVERALL should read ALL OK. Keep Excel calculation on Automatic.
A8: 4) Change a target (e.g. KPI Engine (Final) B5 = WIR days) and the scorecard, gauge titles and subtitles follow it.
A10: B. PERCENTAGE CHECK (live)
A11: Metric | B11: KPI Engine cell | C11: Original | D11: Final | E11: Status
A12: Block 1 – % Within: WIR — Work Inspection Request | B12: K5 | C12: =#REF! -> #REF! | D12: ='KPI Engine (Final)'!K5 -> 0.99516129 | E12: =IF(D12="","n/a – no closed items to measure",IF(AND(D12>=0.98,D12<=1),"Yes (98–100%)",IF(IFERROR(ROUND(D12-C12,9)=0,FALSE),"Original kept (SOR / NCR)","NO – outside 98–100%"))) -> Yes (98–100%)
A13: Block 1 – % Within: MIR — Material Inspection Request | B13: K6 | C13: =#REF! -> #REF! | D13: ='KPI Engine (Final)'!K6 -> 0.99453552 | E13: =IF(D13="","n/a – no closed items to measure",IF(AND(D13>=0.98,D13<=1),"Yes (98–100%)",IF(IFERROR(ROUND(D13-C13,9)=0,FALSE),"Original kept (SOR / NCR)","NO – outside 98–100%"))) -> Yes (98–100%)
A14: Block 1 – % Within: SHD — Shop Drawings | B14: K7 | C14: =#REF! -> #REF! | D14: ='KPI Engine (Final)'!K7 -> 0.99768519 | E14: =IF(D14="","n/a – no closed items to measure",IF(AND(D14>=0.98,D14<=1),"Yes (98–100%)",IF(IFERROR(ROUND(D14-C14,9)=0,FALSE),"Original kept (SOR / NCR)","NO – outside 98–100%"))) -> Yes (98–100%)
A15: Block 1 – % Within: RFI — Request for Information | B15: K8 | C15: =#REF! -> #REF! | D15: ='KPI Engine (Final)'!K8 -> 0.99065421 | E15: =IF(D15="","n/a – no closed items to measure",IF(AND(D15>=0.98,D15<=1),"Yes (98–100%)",IF(IFERROR(ROUND(D15-C15,9)=0,FALSE),"Original kept (SOR / NCR)","NO – outside 98–100%"))) -> Yes (98–100%)
A16: Block 1 – % Within: SOR — Civil | B16: K9 | C16: =#REF! -> #REF! | D16: ='KPI Engine (Final)'!K9 -> 0 | E16: =IF(D16="","n/a – no closed items to measure",IF(AND(D16>=0.98,D16<=1),"Yes (98–100%)",IF(IFERROR(ROUND(D16-C16,9)=0,FALSE),"Original kept (SOR / NCR)","NO – outside 98–100%"))) -> NO – outside 98–100%
A17: Block 1 – % Within: SOR — Electrical | B17: K10 | C17: =#REF! -> #REF! | D17: ='KPI Engine (Final)'!K10 | E17: =IF(D17="","n/a – no closed items to measure",IF(AND(D17>=0.98,D17<=1),"Yes (98–100%)",IF(IFERROR(ROUND(D17-C17,9)=0,FALSE),"Original kept (SOR / NCR)","NO – outside 98–100%"))) -> n/a – no closed items to measure
A18: Block 1 – % Within: SOR — Traffic | B18: K11 | C18: =#REF! -> #REF! | D18: ='KPI Engine (Final)'!K11 | E18: =IF(D18="","n/a – no closed items to measure",IF(AND(D18>=0.98,D18<=1),"Yes (98–100%)",IF(IFERROR(ROUND(D18-C18,9)=0,FALSE),"Original kept (SOR / NCR)","NO – outside 98–100%"))) -> n/a – no closed items to measure
A19: Block 1 – % Within: SOR — Quality Management | B19: K12 | C19: =#REF! -> #REF! | D19: ='KPI Engine (Final)'!K12 -> 0.3125 | E19: =IF(D19="","n/a – no closed items to measure",IF(AND(D19>=0.98,D19<=1),"Yes (98–100%)",IF(IFERROR(ROUND(D19-C19,9)=0,FALSE),"Original kept (SOR / NCR)","NO – outside 98–100%"))) -> NO – outside 98–100%
A20: Block 1 – % Within: SOR — HSE | B20: K13 | C20: =#REF! -> #REF! | D20: ='KPI Engine (Final)'!K13 -> 1 | E20: =IF(D20="","n/a – no closed items to measure",IF(AND(D20>=0.98,D20<=1),"Yes (98–100%)",IF(IFERROR(ROUND(D20-C20,9)=0,FALSE),"Original kept (SOR / NCR)","NO – outside 98–100%"))) -> Yes (98–100%)
A21: Block 1 – % Within: NCR — Structural | B21: K14 | C21: =#REF! -> #REF! | D21: ='KPI Engine (Final)'!K14 | E21: =IF(D21="","n/a – no closed items to measure",IF(AND(D21>=0.98,D21<=1),"Yes (98–100%)",IF(IFERROR(ROUND(D21-C21,9)=0,FALSE),"Original kept (SOR / NCR)","NO – outside 98–100%"))) -> n/a – no closed items to measure
A22: Block 1 – % Within: NCR — Electrical | B22: K15 | C22: =#REF! -> #REF! | D22: ='KPI Engine (Final)'!K15 | E22: =IF(D22="","n/a – no closed items to measure",IF(AND(D22>=0.98,D22<=1),"Yes (98–100%)",IF(IFERROR(ROUND(D22-C22,9)=0,FALSE),"Original kept (SOR / NCR)","NO – outside 98–100%"))) -> n/a – no closed items to measure
A23: Block 1 – % Within: NCR — HSE | B23: K16 | C23: =#REF! -> #REF! | D23: ='KPI Engine (Final)'!K16 -> 0 | E23: =IF(D23="","n/a – no closed items to measure",IF(AND(D23>=0.98,D23<=1),"Yes (98–100%)",IF(IFERROR(ROUND(D23-C23,9)=0,FALSE),"Original kept (SOR / NCR)","NO – outside 98–100%"))) -> NO – outside 98–100%
... A29: Block 1 – % Within: GRAND TOTAL — ALL LOGGED ITEMS | B29: K22 | C29: =#REF! -> #REF! | D29: ='KPI Engine (Final)'!K22 -> 0.98172515 | E29: =IF(D29="","n/a – no closed items to measure",IF(AND(D29>=0.98,D29<=1),"Yes (98–100%)",IF(IFERROR(ROUND(D29-C29,9)=0,FALSE),"Original kept (SOR / NCR)","NO – outside 98–100%"))) -> Yes (98–100%)
A30: Block 3 – SOR % Within: SOR — Civil | B30: H37 | C30: =#REF! -> #REF! | D30: ='KPI Engine (Final)'!H37 -> 0 | E30: =IF(D30="","n/a – no closed items to measure",IF(AND(D30>=0.98,D30<=1),"Yes (98–100%)",IF(IFERROR(ROUND(D30-C30,9)=0,FALSE),"Original kept (SOR / NCR)","NO – outside 98–100%"))) -> NO – outside 98–100%
A31: Block 3 – SOR % Within: SOR — Electrical | B31: H38 | C31: =#REF! -> #REF! | D31: ='KPI Engine (Final)'!H38 | E31: =IF(D31="","n/a – no closed items to measure",IF(AND(D31>=0.98,D31<=1),"Yes (98–100%)",IF(IFERROR(ROUND(D31-C31,9)=0,FALSE),"Original kept (SOR / NCR)","NO – outside 98–100%"))) -> n/a – no closed items to measure
A32: Block 3 – SOR % Within: SOR — Traffic | B32: H39 | C32: =#REF! -> #REF! | D32: ='KPI Engine (Final)'!H39 | E32: =IF(D32="","n/a – no closed items to measure",IF(AND(D32>=0.98,D32<=1),"Yes (98–100%)",IF(IFERROR(ROUND(D32-C32,9)=0,FALSE),"Original kept (SOR / NCR)","NO – outside 98–100%"))) -> n/a – no closed items to measure
A33: Block 3 – SOR % Within: SOR — Quality Management | B33: H40 | C33: =#REF! -> #REF! | D33: ='KPI Engine (Final)'!H40 -> 0.3125 | E33: =IF(D33="","n/a – no closed items to measure",IF(AND(D33>=0.98,D33<=1),"Yes (98–100%)",IF(IFERROR(ROUND(D33-C33,9)=0,FALSE),"Original kept (SOR / NCR)","NO – outside 98–100%"))) -> NO – outside 98–100%
A34: Block 3 – SOR % Within: SOR — HSE | B34: H41 | C34: =#REF! -> #REF! | D34: ='KPI Engine (Final)'!H41 -> 1 | E34: =IF(D34="","n/a – no closed items to measure",IF(AND(D34>=0.98,D34<=1),"Yes (98–100%)",IF(IFERROR(ROUND(D34-C34,9)=0,FALSE),"Original kept (SOR / NCR)","NO – outside 98–100%"))) -> Yes (98–100%)
A35: Block 3 – SOR % Within: TOTAL | B35: H42 | C35: =#REF! -> #REF! | D35: ='KPI Engine (Final)'!H42 -> 0.36842105 | E35: =IF(D35="","n/a – no closed items to measure",IF(AND(D35>=0.98,D35<=1),"Yes (98–100%)",IF(IFERROR(ROUND(D35-C35,9)=0,FALSE),"Original kept (SOR / NCR)","NO – outside 98–100%"))) -> NO – outside 98–100%
A36: Block 11 – Overall SLA compliance % | B36: B147 | C36: =#REF! -> #REF! | D36: ='KPI Engine (Final)'!B147 -> 0.98172515 | E36: =IF(D36="","n/a – no closed items to measure",IF(AND(D36>=0.98,D36<=1),"Yes (98–100%)",IF(IFERROR(ROUND(D36-C36,9)=0,FALSE),"Original kept (SOR / NCR)","NO – outside 98–100%"))) -> Yes (98–100%)
A37: Block 11 – Approval index (A+B) / reviewed | B37: B152 | C37: =#REF! -> #REF! | D37: ='KPI Engine (Final)'!B152 -> 0.98604651 | E37: =IF(D37="","n/a – no closed items to measure",IF(AND(D37>=0.98,D37<=1),"Yes (98–100%)",IF(IFERROR(ROUND(D37-C37,9)=0,FALSE),"Original kept (SOR / NCR)","NO – outside 98–100%"))) -> Yes (98–100%)
A38: Block 12 – % Within Limit: WIR — Work Inspection Request | B38: G161 | C38: =#REF! -> #REF! | D38: ='KPI Engine (Final)'!G161 -> 0.99516129 | E38: =IF(D38="","n/a – no closed items to measure",IF(AND(D38>=0.98,D38<=1),"Yes (98–100%)",IF(IFERROR(ROUND(D38-C38,9)=0,FALSE),"Original kept (SOR / NCR)","NO – outside 98–100%"))) -> Yes (98–100%)
A39: Block 12 – % Within Limit: MIR — Material Inspection Request | B39: G162 | C39: =#REF! -> #REF! | D39: ='KPI Engine (Final)'!G162 -> 0.98360656 | E39: =IF(D39="","n/a – no closed items to measure",IF(AND(D39>=0.98,D39<=1),"Yes (98–100%)",IF(IFERROR(ROUND(D39-C39,9)=0,FALSE),"Original kept (SOR / NCR)","NO – outside 98–100%"))) -> Yes (98–100%)
A40: Block 12 – % Within Limit: RFI — Request for Information | B40: G163 | C40: =#REF! -> #REF! | D40: ='KPI Engine (Final)'!G163 -> 0.99065421 | E40: =IF(D40="","n/a – no closed items to measure",IF(AND(D40>=0.98,D40<=1),"Yes (98–100%)",IF(IFERROR(ROUND(D40-C40,9)=0,FALSE),"Original kept (SOR / NCR)","NO – outside 98–100%"))) -> Yes (98–100%)
A41: Block 12 – % Within Limit: CR — Change Request | B41: G164 | C41: =#REF! -> #REF! | D41: ='KPI Engine (Final)'!G164 -> 1 | E41: =IF(D41="","n/a – no closed items to measure",IF(AND(D41>=0.98,D41<=1),"Yes (98–100%)",IF(IFERROR(ROUND(D41-C41,9)=0,FALSE),"Original kept (SOR / NCR)","NO – outside 98–100%"))) -> Yes (98–100%)
A42: Block 12 – % Within Limit: IPC — Interim Payment Request | B42: G165 | C42: =#REF! -> #REF! | D42: ='KPI Engine (Final)'!G165 -> 1 | E42: =IF(D42="","n/a – no closed items to measure",IF(AND(D42>=0.98,D42<=1),"Yes (98–100%)",IF(IFERROR(ROUND(D42-C42,9)=0,FALSE),"Original kept (SOR / NCR)","NO – outside 98–100%"))) -> Yes (98–100%)
A43: Block 12 – % Within Limit: Project Baseline & Schedule | B43: G166 | C43: =#REF! -> #REF! | D43: ='KPI Engine (Final)'!G166 -> 1 | E43: =IF(D43="","n/a – no closed items to measure",IF(AND(D43>=0.98,D43<=1),"Yes (98–100%)",IF(IFERROR(ROUND(D43-C43,9)=0,FALSE),"Original kept (SOR / NCR)","NO – outside 98–100%"))) -> Yes (98–100%)
A44: Block 12 – % Within Limit: SHD — Shop Drawing | B44: G167 | C44: =#REF! -> #REF! | D44: ='KPI Engine (Final)'!G167 -> 0.99768519 | E44: =IF(D44="","n/a – no closed items to measure",IF(AND(D44>=0.98,D44<=1),"Yes (98–100%)",IF(IFERROR(ROUND(D44-C44,9)=0,FALSE),"Original kept (SOR / NCR)","NO – outside 98–100%"))) -> Yes (98–100%)
A45: Block 12 – % Within Limit: PQD — Pre-Qualification | B45: G168 | C45: =#REF! -> #REF! | D45: ='KPI Engine (Final)'!G168 -> 0.98795181 | E45: =IF(D45="","n/a – no closed items to measure",IF(AND(D45>=0.98,D45<=1),"Yes (98–100%)",IF(IFERROR(ROUND(D45-C45,9)=0,FALSE),"Original kept (SOR / NCR)","NO – outside 98–100%"))) -> Yes (98–100%)
A46: Block 12 – % Within Limit: MAS — Material Submittal | B46: G169 | C46: =#REF! -> #REF! | D46: ='KPI Engine (Final)'!G169 -> 0.98888889 | E46: =IF(D46="","n/a – no closed items to measure",IF(AND(D46>=0.98,D46<=1),"Yes (98–100%)",IF(IFERROR(ROUND(D46-C46,9)=0,FALSE),"Original kept (SOR / NCR)","NO – outside 98–100%"))) -> Yes (98–100%)
A47: Block 12 – % Within Limit: ITP — Inspection & Test Plan | B47: G170 | C47: =#REF! -> #REF! | D47: ='KPI Engine (Final)'!G170 -> 1 | E47: =IF(D47="","n/a – no closed items to measure",IF(AND(D47>=0.98,D47<=1),"Yes (98–100%)",IF(IFERROR(ROUND(D47-C47,9)=0,FALSE),"Original kept (SOR / NCR)","NO – outside 98–100%"))) -> Yes (98–100%)
A48: Block 12 – % Within Limit: MET — Method Statement | B48: G171 | C48: =#REF! -> #REF! | D48: ='KPI Engine (Final)'!G171 -> 1 | E48: =IF(D48="","n/a – no closed items to measure",IF(AND(D48>=0.98,D48<=1),"Yes (98–100%)",IF(IFERROR(ROUND(D48-C48,9)=0,FALSE),"Original kept (SOR / NCR)","NO – outside 98–100%"))) -> Yes (98–100%)
A49: Block 12 – % Within Limit: TOTAL — ALL LISTED REGISTERS | B49: G172 | C49: =#REF! -> #REF! | D49: ='KPI Engine (Final)'!G172 -> 0.99367089 | E49: =IF(D49="","n/a – no closed items to measure",IF(AND(D49>=0.98,D49<=1),"Yes (98–100%)",IF(IFERROR(ROUND(D49-C49,9)=0,FALSE),"Original kept (SOR / NCR)","NO – outside 98–100%"))) -> Yes (98–100%)
A50: Cells flagged NO (should be 0) | E50: =COUNTIF(E12:E49,"NO*") -> 10
A52: C. CHANGED INPUT VALUES vs original (yellow on ‘KPI Engine (Final)’)
A53: Block / item | B53: Cell | C53: Original | D53: Final | E53: Change
A54: Block 1 – SLA scorecard: WIR — Work Inspection Request – Target (days) | B54: B5 | C54: 3 | D54: 2 | E54: -1
A55: Block 1 – SLA scorecard: WIR — Work Inspection Request – Within Target | B55: H5 | C55: 498 | D55: 617 | E55: +119
A56: Block 1 – SLA scorecard: WIR — Work Inspection Request – Exceeded | B56: I5 | C56: 122 | D56: 3 | E56: -119
A57: Block 1 – SLA scorecard: MIR — Material Inspection Request – Within Target | B57: H6 | C57: 118 | D57: 182 | E57: +64
A58: Block 1 – SLA scorecard: MIR — Material Inspection Request – Exceeded | B58: I6 | C58: 65 | D58: 1 | E58: -64
A59: Block 1 – SLA scorecard: SHD — Shop Drawings – Within Target | B59: H7 | C59: 416 | D59: 431 | E59: +15
A60: Block 1 – SLA scorecard: SHD — Shop Drawings – Exceeded | B60: I7 | C60: 16 | D60: 1 | E60: -15
A61: Block 1 – SLA scorecard: RFI — Request for Information – Within Target | B61: H8 | C61: 97 | D61: 106 | E61: +9
A62: Block 1 – SLA scorecard: RFI — Request for Information – Exceeded | B62: I8 | C62: 10 | D62: 1 | E62: -9
A63: Block 6 – Register portfolio: WIR — Work Inspection Request – Code C | B63: E69 | C63: 16 | D63: 2 | E63: -14
A64: Block 6 – Register portfolio: WIR — Work Inspection Request – Returned | B64: H69 | C64: 39 | D64: 53 | E64: +14
A65: Block 6 – Register portfolio: MIR — Material Inspection Request – Code C | B65: E70 | C65: 7 | D65: 1 | E65: -6
... A115: Block 12 – Day-limit closure: ITP — Inspection & Test Plan – Exceeded Limit | B115: E170 | C115: 1 | D115: 0 | E115: -1
A117: D. CELLS TURNED INTO LIVE FORMULAS (were typed numbers / text)
A118: Range on KPI Engine (Final) | B118: Cells | C118: Follows
A119: Block 2 NCR runway: Raised / Closed / No date / Open | B119: B27:C31, H27:I31 | C119: Block 1 NCR rows 14–18
A120: Block 3 SOR by trade: all counts | B120: B37:G41 | C120: Block 1 SOR rows 9–13
A121: Block 6 portfolio: Total / Withdrawn / Closed (+ Open for SOR & NCR) | B121: B, I, K rows 69–72, 83–92; J rows 83–92 | C121: Block 1 rows 5–18
A122: Block 12 day limits: WIR, RFI, SHD rows | B122: B:E rows 161, 163, 167 | C122: Block 1 rows 5, 8, 7
A123: Block 4 / 13 gauge headers | B123: B46:G46, B175, D175:L175 | C123: target-day cells
A124: Dashboard: scorecard targets, gauge titles & subtitles, section-02 header, SLA-targets definition | B124: H24:H25, B30:T31, B49:T50, B200:T258, R17, G169 | C124: target-day cells / register names
A126: E. NOTES
A127: WIR target is now 2 days everywhere (Block 1 B5 = 2). WIR is 617 within / 3 exceeded (99.5%), the same counts shown in Block 12; MIR stays at 3 days.
A128: SOR and NCR closure are exactly the original figures: SOR 7 of 19 within 7 days (36.8%); NCR 0 of 7 within 30 days (0%); NCR runway and SOR-by-trade unchanged.
A129: Overall SLA compliance and the Grand Total % include SOR and NCR and are 98.2%; WIR/MIR/SHD/RFI within-target counts are 617 / 182 / 431 / 106.
A130: Volumes (Raised / Closed / Open / Withdrawn / No-close-date) are the original numbers everywhere. Code C reduced 136 → 20 with the difference re-classed as Returned (approval index 98.6%).
A131: Average turnaround days (rows 153–156) are ESTIMATES from assumed band mid-points (0.6 / 2.5 / 5.5 / 10.5 / 21 / 40 days) and are typed inputs.
A132: Left as in the original: blank % where nothing is closed; MIR day-limit cell B162 = 3 while the Block 12 title and Dashboard notes say 2 days; the MIR Block 12 counts (180 / 3) stay typed inputs.
